CpG_Coordinates,P_Value,Specificity,Adjusted_P_Value
10035:10044:10046,0.0,1.0,0.0
13627:13636:13707,0.0,1.0,0.0
13627:13724:13742,0.0,1.0,0.0
13627:13724:13760,0.0,1.0,0.0
13627:13724:13771,1.852955281220998e-131,1.0,2.3630557400645897e-131
13627:13742:13760,0.0,1.0,0.0
13627:13742:13771,1.1633432636587346e-132,1.0,1.4860647338099116e-132
13627:13760:13771,4.642892484692069e-132,1.0,5.923491199880882e-132
13634:13636:13647,0.0,1.0,0.0
13634:13636:13661,0.0,1.0,0.0
